FID,AREA,APN,APN2,LUC,FID_riverb,Acres,id,planning_u,number
0,348139.4824,038-221-001,038221001,PF,-1,7.992179871,1,1,0
1,11407.87855,038-262-001,038262001,OS,-1,0.261889011,2,2,0
2,6587.966127,038-262-004,038262004,OS,-1,0.151238993,3,3,0
3,9786.540172,038-262-005,038262005,OS,-1,0.224667996,4,4,0
4,2255.416534,038-262-007,038262007,OS,-1,0.051777199,5,5,58
5,2035.066667,038-262-008,038262008,OS,-1,0.046718702,6,6,100
6,50362.55741,038-341-001,038341001,OS,-1,1.156170011,7,7,0
7,14648.69141,038-421-015,038421015,OS,-1,0.336288005,8,8,0
8,267250.4935,038-711-004,038711004,RS,-1,6.135230064,14,14,0
9,502375.1155,038-711-015,038711015,RS,-1,11.53289986,16,16,0
10,190260.3015,038-721-005,038721005,PF,-1,4.367780209,17,17,0
11,1177299.541,038-721-022,038721022,PF,-1,27.02709961,18,18,0
12,560172.9064,052-601-011,052601011,AG,-1,12.85980034,19,19,0
13,421770.0826,066-411-001,066411001,City,-1,9.682510376,25,25,100
14,13654332.7,067-011-003,067011003,AG,-1,313.4599915,26,26,100
15,493356.6438,067-011-004,067011004,RR,-1,11.32590008,27,27,0
16,489475.0421,067-011-018,067011018,AG,-1,11.23680019,28,28,0
17,2340525.693,067-011-019,067011019,AG,-1,53.73109818,29,29,2
18,1870796.267,067-011-020,067011020,AG,-1,42.94760132,30,30,4
19,2272564.553,067-011-021,067011021,RS,-1,52.17089844,31,31,0
20,41342.10513,067-011-026,067011026,RS,-1,0.949083984,32,32,40
21,2744760.779,067-011-035,067011035,RR,-1,63.01100159,33,33,0
22,57409.88164,067-011-036,067011036,OS,-1,1.31795001,34,34,0
23,1393957.642,067-011-041,067011041,RR,-1,32.00090027,35,35,0
24,50646.48492,067-011-042,067011042,RR,-1,1.16268003,36,36,0
25,3809126.638,067-011-047,067011047,AG,-1,87.44550323,39,39,100
26,1264571.759,067-011-048,067011048,RR,-1,29.03059959,40,40,8
27,2670451.982,067-011-049,067011049,RR,-1,61.30509949,41,41,0
28,202756.9187,067-011-050,067011050,RR,-1,4.654660225,42,42,0
29,648323.3683,067-011-057,067011057,PF,-1,14.8835001,43,43,0
30,780706.7323,067-012-011,067012011,RR,-1,17.92259979,45,45,0
31,396645.7402,067-012-018,067012018,RR,-1,9.105730057,46,46,0
32,18470949.91,067-021-001,067021001,AG,-1,424.0350037,47,47,0
33,23560230.26,067-021-002,067021002,AG,-1,540.867981,48,48,1
34,13702408.88,067-021-003,067021003,AG,-1,314.5639954,49,49,0
35,7903683.698,067-021-004,067021004,AG,-1,181.4440002,50,50,0
36,16145770.1,067-021-005,067021005,AG,-1,370.6560059,51,51,0
37,27813401.26,067-031-001,067031001,AG,-1,638.5079956,52,52,0
38,430411.3408,067-031-011,067031011,AG,-1,9.880889893,54,54,100
39,693341.0414,067-031-017,067031017,AG,-1,15.91689968,55,55,0
40,12011207.42,067-031-021,067031021,AG,-1,275.7390137,56,56,0
41,17912860.15,067-031-022,067031022,AG,-1,411.2229919,57,57,0
42,5152732.947,067-031-024,067031024,AG,-1,118.2900009,58,58,0
43,64515.8366,067-031-026,067031026,AG,-1,1.481080055,59,59,0
44,125070.6474,067-031-028,067031028,AG,-1,2.871229887,60,60,0
45,186879.2493,067-031-030,067031030,AG,-1,4.290160179,61,61,0
46,1465852.194,067-031-032,067031032,AG,-1,33.65129852,62,62,0
47,1051719.052,067-031-036,067031036,AG,-1,24.14410019,63,63,0
48,1669744.955,067-031-037,067031037,AG,-1,38.33209991,64,64,1
49,1895714.667,067-031-038,067031038,AG,-1,43.51959991,65,65,0
50,8383146.18,067-041-003,067041003,AG,-1,192.451004,66,66,0
51,6656336.6,067-051-001,067051001,AG,-1,152.8079987,67,67,0
52,3666795.895,067-051-002,067051002,AG,-1,84.1780014,68,68,0
53,19986523.37,067-051-004,067051004,AG,-1,458.8269958,69,69,0
54,10811250.69,067-051-005,067051005,AG,-1,248.1920013,70,70,0
55,1651439.269,067-051-016,067051016,AG,-1,37.91180038,73,73,0
56,1247348.216,067-051-017,067051017,AG,-1,28.6352005,74,74,0
57,1744867.271,067-051-019,067051019,AG,-1,40.05659866,76,76,0
58,1747225.699,067-051-021,067051021,AG,-1,40.1108017,78,78,0
59,6008155.155,067-051-022,067051022,AG,-1,137.9279938,79,79,0
60,5784717.041,067-061-049,067061049,AG,-1,132.798996,80,80,0
61,1751504.296,067-061-051,067061051,AG,-1,40.20899963,81,81,0
62,7447991.505,067-061-055,067061055,AG,-1,170.9819946,82,82,0
63,2628462.047,067-061-056,067061056,AG,-1,60.34120178,83,83,0
64,21262124.61,067-131-002,067131002,AG,-1,488.1109924,85,85,0
65,15768746.89,067-131-005,067131005,AG,-1,362.0010071,86,86,6
66,1407753.994,067-131-006,067131006,RS,-1,32.31760025,87,87,0
67,411337.9796,067-131-007,067131007,AG,-1,9.443019867,88,88,100
68,294623.491,067-131-013,067131013,AG,-1,6.7636199,89,89,66
69,189419.6634,067-131-014,067131014,AG,-1,4.348480225,90,90,98
70,76158.56227,067-131-015,067131015,AG,-1,1.748360038,91,91,2
71,1031708.354,067-132-014,067132014,AG,-1,23.68479919,92,92,36
72,1111462.831,067-132-015,067132015,AG,-1,25.51569939,93,93,0
73,7588753.321,067-132-016,067132016,AG,-1,174.2140045,94,94,0
74,439076.3687,067-132-020,067132020,AG,-1,10.07979965,95,95,0
75,440512.0887,067-132-021,067132021,AG,-1,10.11279964,96,96,4
76,439917.3506,067-132-022,067132022,AG,-1,10.09910011,97,97,0
77,334196.8314,067-132-023,067132023,AG,-1,7.672100067,98,98,48
78,406431.8191,067-132-024,067132024,AG,-1,9.330389977,99,99,0
79,406385.8929,067-132-025,067132025,AG,-1,9.329339981,100,100,0
80,468581.8652,067-132-026,067132026,AG,-1,10.75720024,101,101,0
81,425194.4882,067-132-027,067132027,AG,-1,9.761119843,102,102,0
82,1443151.572,067-132-036,067132036,AG,-1,33.13019943,103,103,0
83,991798.5242,067-132-037,067132037,AG,-1,22.76860046,104,104,29
84,3449335.966,067-151-001,067151001,AG,-1,79.18589783,105,105,88
85,623795.3624,067-151-003,067151003,AG,-1,14.32040024,106,106,62
86,7253484.751,067-151-006,067151006,AG,-1,166.5169983,107,107,0
87,6526904.205,067-151-007,067151007,AG,-1,149.8370056,108,108,0
88,18310603.21,067-161-003,067161003,AG,-1,420.3540039,109,109,0
89,1930928.308,067-161-005,067161005,AG,-1,44.32799911,110,110,16
90,2407231.621,067-161-007,067161007,AG,-1,55.26240158,111,111,0
91,2464118.769,067-161-008,067161008,AG,-1,56.56840134,112,112,0
92,3472884.469,067-161-010,067161010,AG,-1,79.72650146,113,113,0
93,2513144.559,067-161-011,067161011,AG,-1,57.69390106,114,114,90
94,3191860.795,067-161-012,067161012,AG,-1,73.27500153,115,115,22
95,4354787.221,067-161-014,067161014,AG,-1,99.97219849,116,116,6
96,761883.8184,067-161-015,067161015,AG,-1,17.49040031,117,117,100
97,21960967.76,067-161-016,067161016,AG,-1,504.1539917,118,118,3
98,745623.7137,067-161-017,067161017,AG,-1,17.11720085,119,119,0
99,874407.2524,067-161-018,067161018,AG,-1,20.07360077,120,120,17
100,14349761.41,067-161-019,067161019,RL,-1,329.4249878,121,121,0
101,2788727.22,067-171-011,067171011,AG,-1,64.020401,122,122,0
102,2072583.96,067-171-012,067171012,AG,-1,47.58000183,123,123,0
103,848747.0425,067-171-019,067171019,AG,-1,19.48460007,124,124,0
104,872779.4464,067-171-020,067171020,AG,-1,20.03630066,125,125,0
105,217936.9407,067-171-029,067171029,AG,-1,5.003139973,126,126,2
106,241113.9105,067-171-030,067171030,AG,-1,5.535210133,127,127,8
107,1175203.862,067-171-031,067171031,AG,-1,26.97900009,128,128,0
108,615834.8492,067-171-032,067171032,AG,-1,14.13759995,129,129,0
109,458467.5411,067-171-033,067171033,AG,-1,10.52499962,130,130,0
110,2798997.304,067-171-038,067171038,AG,-1,64.25610352,131,131,0
111,15891993.81,067-171-039,067171039,AG,-1,364.8299866,132,132,0
112,13408962.05,067-171-040,067171040,AG,-1,307.8269958,133,133,0
113,11831477.17,067-171-041,067171041,AG,-1,271.6130066,134,134,0
114,437982.9356,067-171-043,067171043,AG,-1,10.0546999,135,135,0
115,324124.4535,067-171-045,067171045,AG,-1,7.440869808,136,136,0
116,316118.9855,067-171-046,067171046,AG,-1,7.257090092,137,137,0
117,369701.8962,067-171-047,067171047,AG,-1,8.487190247,138,138,0
118,444233.6606,067-171-048,067171048,AG,-1,10.19820023,139,139,0
119,428698.7227,067-171-049,067171049,AG,-1,9.841569901,140,140,0
120,3539132.531,067-171-084,067171084,AG,-1,81.24729919,141,141,0
121,3539134.906,067-171-085,067171085,AG,-1,81.24739838,142,142,0
122,4204445.33,067-181-010,067181010,AG,-1,96.52079773,143,143,0
123,12854295.26,067-181-016,067181016,AG,-1,295.0939941,144,144,0
124,4872154.136,067-181-025,067181025,AG,-1,111.848999,145,145,0
125,6251393.869,067-181-026,067181026,AG,-1,143.5119934,146,146,0
126,4235676.182,067-181-027,067181027,AG,-1,97.23770142,147,147,0
127,6507798.281,067-181-028,067181028,AG,-1,149.397995,148,148,0
128,22412.82027,067-201-002,067201002,AG,-1,0.514527977,149,149,100
129,392878.0905,067-201-003,067201003,AG,-1,9.019240379,150,150,0
130,6558364.579,070-031-002,070031002,OS,-1,150.5590057,152,152,0
131,5332359.483,070-031-016,070031016,OS,-1,122.4140015,158,158,0
132,15337680.24,070-031-017,070031017,AG,-1,352.105011,159,159,0
133,4632979.07,070-051-002,070051002,AG,-1,106.3590012,160,160,0
134,2868717.357,070-051-017,070051017,AG,-1,65.85669708,167,167,0
135,452492.4463,070-051-018,070051018,AG,-1,10.38780022,168,168,0
136,7344492.672,070-051-019,070051019,AG,-1,168.6060028,169,169,0
137,4736953.08,070-051-020,070051020,AG,-1,108.7450027,170,170,0
138,3137890.37,070-051-021,070051021,AG,-1,72.03600311,171,171,0
139,4103751.935,070-051-022,070051022,AG,-1,94.209198,172,172,0
140,3229410.816,070-051-023,070051023,AG,-1,74.13710022,173,173,0
141,11283680.7,070-051-024,070051024,PF,-1,259.0379944,174,174,0
142,270464.5906,073-021-012,073021012,AG,-1,6.209010124,181,181,0
143,45398.51141,073-031-004,073031004,AG,-1,1.042209983,182,182,0
144,2401059.663,073-031-011,073031011,AG,-1,55.12070084,183,183,17
145,2318804.859,073-031-037,073031037,AG,-1,53.23239899,184,184,0
146,3728885.338,073-041-001,073041001,AG,-1,85.60340118,185,185,8
147,8022042.331,073-041-002,073041002,AG,-1,184.1609955,186,186,0
148,29129412.4,073-041-003,073041003,AG,-1,668.7189941,187,187,0
149,6281645.123,073-041-004,073041004,AG,-1,144.2070007,188,188,0
150,6394243.235,073-041-008,073041008,AG,-1,146.7920074,190,190,0
151,9412251.038,073-041-018,073041018,AG,-1,216.076004,191,191,0
152,1054040.699,073-041-026,073041026,AG,-1,24.19739914,194,194,0
153,9945488.513,073-041-028,073041028,AG,-1,228.3170013,195,195,0
154,12630638.27,073-041-029,073041029,AG,-1,289.9599915,196,196,0
155,15524941.3,073-041-030,073041030,AG,-1,356.4039917,197,197,0
156,8973943.758,073-101-017,073101017,AG,-1,206.0130005,198,198,0
157,19239.78073,073-111-018,073111018,AG,-1,0.441684991,199,199,0
158,3354.818308,073-111-019,073111019,AG,-1,0.077016003,200,200,100
159,6978703.259,073-111-020,073111020,AG,-1,160.2089996,201,201,0
160,8352478.855,073-121-009,073121009,AG,-1,191.746994,202,202,0
161,4896380.573,073-121-010,073121010,AG,-1,112.4049988,203,203,0
162,209815.7054,073-121-014,073121014,AG,-1,4.816709995,204,204,100
163,2145.082532,073-121-015,073121015,AG,-1,0.0492443,205,205,100
164,459979.5351,073-121-025,073121025,AG,-1,10.55970001,209,209,100
165,185730.3102,073-131-002,073131002,AG,-1,4.263780117,211,211,0
166,217713.2832,073-131-004,073131004,AG,-1,4.998010159,212,212,0
167,199197.4166,073-131-006,073131006,AG,-1,4.572939873,213,213,0
168,2797.63462,073-131-009,073131009,AG,-1,0.064224899,214,214,0
169,92788.04459,073-131-010,073131010,AG,-1,2.130120039,215,215,0
170,254624.0333,073-131-011,073131011,AG,-1,5.845359802,216,216,0
171,47712.51482,073-131-016,073131016,AG,-1,1.09533,217,217,7
172,47523.49808,073-131-017,073131017,AG,-1,1.090989947,218,218,0
173,34492.29953,073-131-018,073131018,AG,-1,0.791833997,219,219,0
174,29623.38151,073-131-019,073131019,AG,-1,0.680059016,220,220,0
175,19080.42368,073-131-020,073131020,AG,-1,0.438026011,221,221,64
176,150.0724313,073-131-021,073131021,AG,-1,0.00344519,222,222,100
177,14929.9789,073-131-022,073131022,AG,-1,0.342745006,223,223,0
178,645112.321,073-133-006,073133006,AG,-1,14.80970001,224,224,0
179,897655.6876,073-133-007,073133007,AG,-1,20.6072998,225,225,0
180,569675.5938,073-133-008,073133008,AG,-1,13.07800007,226,226,0
181,4185.920755,073-133-009,073133009,AG,-1,0.096095502,227,227,0
182,72419.87235,073-133-011,073133011,AG,-1,1.662529945,228,228,0
183,93489.21238,073-133-012,073133012,AG,-1,2.146219969,229,229,0
184,153630.2851,073-151-003,073151003,AG,-1,3.526870012,230,230,0
185,9458474.026,073-171-010,073171010,AG,-1,217.1369934,234,234,100
186,4904563.569,073-171-012,073171012,AG,-1,112.5930023,235,235,99
187,3078239.47,073-171-014,073171014,AG,-1,70.66670227,236,236,0
188,329215.3651,073-171-018,073171018,AG,-1,7.557740211,237,237,0
189,1431990.757,073-171-019,073171019,AG,-1,32.87400055,238,238,60
190,2781287.687,073-171-023,073171023,AG,-1,63.84960175,239,239,0
191,4382767.156,073-171-025,073171025,AG,-1,100.6139984,241,241,0
192,293640.1909,073-181-001,073181001,AG,-1,6.741049767,244,244,0
193,34349.23699,073-181-003,073181003,AG,-1,0.788550019,245,245,16
194,3905.682785,073-181-010,073181010,AG,-1,0.089662097,246,246,67
195,98939.24765,073-181-012,073181012,AG,-1,2.271330118,247,247,0
196,84113.76971,073-181-018,073181018,AG,-1,1.930989981,248,248,0
197,19586.5621,073-181-019,073181019,AG,-1,0.449645996,249,249,0
198,69880.25718,073-181-020,073181020,AG,-1,1.604230046,250,250,0
199,4674.874617,073-181-022,073181022,AG,-1,0.107320003,251,251,100
200,2024.349218,073-181-024,073181024,AG,-1,0.046472698,252,252,100
201,43512.76344,073-181-028,073181028,AG,-1,0.99891597,253,253,0
202,311447.058,073-181-029,073181029,AG,-1,7.149839878,254,254,0
203,47144.68248,073-181-039,073181039,AG,-1,1.082290053,255,255,0
204,106353.8546,073-181-040,073181040,AG,-1,2.441550016,256,256,0
205,122524.3174,073-181-042,073181042,AG,-1,2.81276989,257,257,0
206,20429.38446,073-181-045,073181045,AG,-1,0.468993992,258,258,0
207,416886.5145,073-181-048,073181048,AG,-1,9.570400238,259,259,0
208,106356.7774,073-181-049,073181049,AG,-1,2.441620111,260,260,0
209,22327.3646,073-181-050,073181050,AG,-1,0.51256597,261,261,5
210,16530.03977,073-182-006,073182006,AG,-1,0.379478008,262,262,88
211,36.52657689,073-182-007,073182007,AG,-1,0.000838535,263,263,0
212,755.1056039,073-182-008,073182008,AG,-1,0.0173348,264,264,100
213,508.8599809,073-182-009,073182009,AG,-1,0.0116818,265,265,100
214,32985.52553,073-182-010,073182010,AG,-1,0.757242978,266,266,63
215,23722.61117,073-182-011,073182011,AG,-1,0.544596016,267,267,0
216,19100.57498,073-182-012,073182012,AG,-1,0.43848899,268,268,0
217,12877034.47,073-191-003,073191003,AG,-1,295.6159973,269,269,0
218,13894848.84,073-191-004,073191004,AG,-1,318.9819946,270,270,0
219,1668496.323,073-191-011,073191011,AG,-1,38.30339813,271,271,13
220,1660609.766,073-191-013,073191013,AG,-1,38.12239838,272,272,0
221,588804.0578,073-191-014,073191014,AG,-1,13.51710033,273,273,0
222,16358799.88,073-191-015,073191015,AG,-1,375.54599,274,274,87
223,31997185.69,073-191-016,073191016,AG,-1,734.5540161,275,275,0
224,16659641.11,073-191-017,073191017,AG,-1,382.4530029,276,276,0
225,2968259.064,073-191-018,073191018,AG,-1,68.14189911,277,277,0
226,2487511.112,073-191-019,073191019,AG,-1,57.10540009,278,278,0
227,2617555.03,073-191-020,073191020,AG,-1,60.09080124,279,279,0
228,1274763.986,073-191-021,073191021,AG,-1,29.26460075,280,280,0
229,21434642.7,073-201-002,073201002,AG,-1,492.071991,281,281,0
230,4407535.032,073-201-003,073201003,AG,-1,101.1829987,282,282,0
231,1635101.154,073-221-002,073221002,PF,-1,37.53680038,295,295,0
232,4940056.795,073-221-012,073221012,PF,-1,113.4079971,299,299,0
233,35727.54459,073-221-014,073221014,REC,-1,0.820191979,300,300,0
234,89925.64029,073-221-026,073221026,PF,-1,2.064409971,303,303,100
235,401317.5644,073-221-029,073221029,PF,-1,9.21298027,306,306,0
236,123522.2409,073-251-003,073251003,PF,-1,2.835680008,313,313,0
237,7662153.856,073-251-006,073251006,PF,-1,175.8990021,316,316,0
238,95720.64987,073-261-008,073261008,AG,-1,2.197439909,318,318,100
239,44187.69825,073-331-002,073331002,AG,-1,1.014410019,323,323,0
240,43687.63775,073-331-004,073331004,PF,-1,1.002930045,324,324,0
241,10033924.87,073-331-026,073331026,PF,-1,230.3470001,326,326,0
242,872961.4541,073-331-027,073331027,PF,-1,20.04039955,327,327,0
243,974456.7625,073-331-028,073331028,AG,-1,22.37039948,328,328,0
244,1101321.064,073-331-029,073331029,AG,-1,25.28289986,329,329,0
245,1063398.684,073-331-030,073331030,RR,-1,24.41230011,330,330,0
246,1066667.421,073-331-031,073331031,RR,-1,24.48730087,331,331,0
247,915765.2119,073-331-037,073331037,RR,-1,21.0230999,334,334,0
248,309490.3245,073-331-044,073331044,AG,-1,7.10491991,335,335,0
249,145470.9374,073-333-016,073333016,RR,-1,3.339550018,336,336,100
250,19678.86097,073-333-018,073333018,RR,-1,0.451763988,338,338,100
251,43546.26332,074-011-013,074011013,REC,-1,0.999684989,342,342,100
252,4205360.304,074-021-042,074021042,REC,-1,96.54180145,345,345,0
253,221909.2374,074-022-041,074022041,PF,-1,5.094339848,346,346,0
254,1004542.763,074-022-059,074022059,REC,-1,23.06110001,347,347,2
255,409218.9016,074-022-075,074022075,REC,-1,9.394370079,348,348,0
256,112101.5516,074-022-076,074022076,REC,-1,2.573499918,349,349,10
257,100726.4721,074-023-006,074023006,REC,-1,2.312360048,351,351,0
258,48711.68015,074-023-008,074023008,REC,-1,1.11827004,352,352,0
259,246778.6236,074-023-009,074023009,AG,-1,5.665259838,353,353,0
260,8846.214617,074-024-031,074024031,REC,-1,0.203080997,354,354,0
261,395918.3538,074-025-010,074025010,PF,-1,9.089039803,355,355,0
262,176012.9835,074-026-001,074026001,REC,-1,4.040699959,357,357,100
263,28679.76028,074-042-001,074042001,PF,-1,0.658397019,358,358,100
264,8273.591904,074-082-015,074082015,REC,-1,0.189935997,359,359,0
265,186658.3514,074-084-012,074084012,REC,-1,4.28508997,360,360,0
266,249239.384,074-084-013,074084013,REC,-1,5.721749783,361,361,0
267,129416.8573,074-121-002,074121002,REC,-1,2.970999956,362,362,0
268,99408.91485,074-121-003,074121003,REC,-1,2.282109976,363,363,0
269,4230.771757,074-121-004,074121004,REC,-1,0.097125202,364,364,94
270,2206358.064,074-222-013,074222013,RS,-1,50.65100098,365,365,0
271,2066518.859,074-222-014,074222014,PF,-1,47.44070053,366,366,0
272,955344.1161,074-224-016,074224016,OS,-1,21.93169975,367,367,0
273,795660.2548,074-224-017,074224017,OS,-1,18.26580048,368,368,0
274,1111083.391,074-225-008,074225008,AG,-1,25.50699997,371,371,0
275,1466623.765,074-225-009,074225009,AG,-1,33.66899872,372,372,7
276,2993456.017,074-225-010,074225010,AG,-1,68.72029877,373,373,0
277,92178.81878,074-225-012,074225012,AG,-1,2.116130114,374,374,1
278,208108.7926,074-225-013,074225013,AG,-1,4.77752018,375,375,0
279,92237.69355,074-225-014,074225014,AG,-1,2.117490053,376,376,0
280,246526.0764,074-225-015,074225015,RR,-1,5.659460068,377,377,0
281,233078.2552,074-225-016,074225016,RR,-1,5.350739956,378,378,0
282,196537.7138,074-225-017,074225017,RR,-1,4.511889935,379,379,0
283,769610.0466,074-225-019,074225019,AG,-1,17.6678009,380,380,0
284,771914.5373,074-225-020,074225020,AG,-1,17.72069931,381,381,0
285,712688.3992,074-225-021,074225021,AG,-1,16.36109924,382,382,0
286,712084.0892,074-225-022,074225022,AG,-1,16.34720039,383,383,0
287,49177.17829,074-225-023,074225023,RR,-1,1.12895,384,384,0
288,49047.17881,074-225-024,074225024,RR,-1,1.125970006,385,385,0
289,49185.55326,074-225-025,074225025,RR,-1,1.129140019,386,386,0
290,49078.74118,074-225-026,074225026,RR,-1,1.12669003,387,387,0
291,88521.08342,074-225-028,074225028,AG,-1,2.032160044,388,388,0
292,87843.08612,074-225-029,074225029,AG,-1,2.016599894,389,389,0
293,234670.2488,074-225-030,074225030,AG,-1,5.387290001,390,390,0
294,137840.8236,074-225-031,074225031,AG,-1,3.164390087,391,391,0
295,119155.5859,074-225-032,074225032,AG,-1,2.735440016,392,392,0
296,203007.7505,074-225-035,074225035,RR,-1,4.660419941,393,393,0
297,218436.3762,074-225-036,074225036,RR,-1,5.014609814,394,394,0
298,201056.1333,074-225-037,074225037,RR,-1,4.615610123,395,395,0
299,217583.1297,074-225-038,074225038,RR,-1,4.995019913,396,396,0
300,850397.1195,074-225-039,074225039,AG,-1,19.5223999,397,397,0
301,325304.284,074-229-009,074229009,OS,-1,7.467959881,398,398,0
302,402873.2579,074-229-010,074229010,WH,-1,9.248700142,399,399,100
303,22040.47434,074-229-014,074229014,WH,-1,0.505980015,400,400,0
304,25754.02198,074-229-015,074229015,WH,-1,0.591230989,401,401,0
305,298905.8669,074-229-027,074229027,REC,-1,6.861929893,402,402,37
306,517243.1251,074-331-001,074331001,PF,-1,11.8743,403,403,0
307,35263.19798,074-331-021,074331021,PF,-1,0.809531987,404,404,0
308,23593.25196,074-331-022,074331022,PF,-1,0.54162699,405,405,0
309,21751.72549,074-491-032,074491032,OS,-1,0.499350995,407,407,100
310,45368.59597,074-491-033,074491033,PF,-1,1.04152,408,408,100
311,65286.98885,074-492-057,074492057,OS,-1,1.498780012,409,409,100
312,318690.0075,076-021-004,076021004,AG,-1,7.316120148,410,410,100
313,1198476.323,076-041-001,076041001,AG,-1,27.51320076,411,411,96
314,1368866.96,076-041-002,076041002,AG,-1,31.42490005,412,412,0
315,9843960.326,076-041-003,076041003,AG,-1,225.9859924,413,413,9
316,6035530.627,076-041-004,076041004,AG,-1,138.5570068,414,414,0
317,1215431.926,076-041-067,076041067,AG,-1,27.90250015,415,415,0
318,2187573.187,076-041-068,076041068,AG,-1,50.21979904,416,416,0
319,1032241.121,076-041-069,076041069,RL,-1,23.6970005,417,417,3
320,156243.8316,076-042-021,076042021,AG,-1,3.586859941,418,418,100
321,361285.9299,076-043-001,076043001,RL,-1,8.293979645,419,419,0
322,81035.17586,076-043-002,076043002,RL,-1,1.860309958,420,420,97
323,63292.99683,076-043-003,076043003,RL,-1,1.453009963,421,421,0
324,204068.4962,076-043-004,076043004,RL,-1,4.684770107,422,422,0
325,506247.1948,076-043-005,076043005,RL,-1,11.62180042,423,423,0
326,36187.43168,076-043-007,076043007,RL,-1,0.830748975,424,424,0
327,5620.756083,076-043-008,076043008,RL,-1,0.129034996,425,425,100
328,92579.06162,076-043-009,076043009,RL,-1,2.125319958,426,426,0
329,65918.29883,076-043-010,076043010,RL,-1,1.513280034,427,427,0
330,32944.29429,076-043-012,076043012,RL,-1,0.756296992,428,428,0
331,8038.393144,076-043-017,076043017,RL,-1,0.184535995,429,429,100
332,263054.804,076-043-018,076043018,RL,-1,6.038909912,430,430,11
333,889429.2628,038-701-004,038701004,WH,0,20.4185009,431,431,100
334,240763.3768,067-011-004,067011004,RR,0,5.527170181,435,435,0
335,127941.9166,067-011-019,067011019,AG,0,2.937139988,436,436,2
336,453171.4446,067-011-021,067011021,RS,0,10.40340042,437,437,0
337,113902.4568,067-011-026,067011026,RS,0,2.614840031,438,438,36
338,1846854.527,067-011-035,067011035,RR,0,42.39789963,439,439,0
339,30901.76346,067-011-036,067011036,OS,0,0.709406972,440,440,0
340,509319.7976,067-011-041,067011041,RR,0,11.69239998,441,441,0
341,1084838.642,067-011-043,067011043,OS,0,24.90449905,442,442,100
342,2294723.741,067-011-048,067011048,RR,0,52.67959976,444,444,2
343,815240.951,067-011-049,067011049,RR,0,18.7154007,445,445,0
344,954411.0242,067-012-011,067012011,RR,0,21.9102993,446,446,0
345,228985.8477,067-012-018,067012018,RR,0,5.256790161,447,447,0
346,79630.76219,067-021-001,067021001,AG,0,1.828070045,448,448,100
347,309716.4929,067-031-001,067031001,AG,0,7.110109806,449,449,13
348,177093.1579,067-031-017,067031017,AG,0,4.065499783,450,450,0
349,2939957.447,067-031-021,067031021,AG,0,67.49210358,451,451,0
350,1816397.158,067-031-022,067031022,AG,0,41.69869995,452,452,0
351,882883.4832,067-031-024,067031024,AG,0,20.26819992,453,453,0
352,119031.7466,067-031-026,067031026,AG,0,2.73258996,454,454,0
353,193819.4051,067-031-028,067031028,AG,0,4.449480057,455,455,0
354,132334.0285,067-031-030,067031030,AG,0,3.037970066,456,456,0
355,872472.4101,067-031-032,067031032,AG,0,20.0291996,457,457,0
356,391324.0533,067-031-036,067031036,AG,0,8.983559608,458,458,0
357,120110.1283,067-031-037,067031037,AG,0,2.757349968,459,459,1
358,3295775.135,067-041-003,067041003,AG,0,75.66059875,460,460,0
359,164532.5674,067-051-001,067051001,AG,0,3.777149916,461,461,100
360,1605048.609,067-061-056,067061056,AG,0,36.84680176,464,464,0
361,4142826.64,067-131-002,067131002,AG,0,95.10620117,465,465,40
362,507489.6768,067-131-005,067131005,AG,0,11.65040016,466,466,100
363,590629.8493,067-131-013,067131013,AG,0,13.55900002,467,467,6
364,249298.451,067-131-014,067131014,AG,0,5.723100185,468,468,96
365,361968.9895,067-131-015,067131015,AG,0,8.309659958,469,469,0
366,442213.0443,067-132-014,067132014,AG,0,10.15180016,470,470,95
367,233062.2479,067-132-015,067132015,AG,0,5.35036993,471,471,0
368,93754.75084,067-132-016,067132016,AG,0,2.152309895,472,472,100
369,366.0871239,067-132-021,067132021,AG,0,0.0084042,473,473,100
370,63437.65223,067-132-022,067132022,AG,0,1.456329942,474,474,2
371,82840.81343,067-132-023,067132023,AG,0,1.901759982,475,475,99
372,40128.58833,067-132-024,067132024,AG,0,0.921226025,476,476,1
373,31521.91176,067-132-025,067132025,AG,0,0.723644018,477,477,89
374,6467.803068,067-132-026,067132026,AG,0,0.148479998,478,478,100
375,9618.266683,067-132-027,067132027,AG,0,0.220805004,479,479,100
376,375509.3947,067-132-036,067132036,AG,0,8.620510101,480,480,0
377,972354.8655,067-132-037,067132037,AG,0,22.32220078,481,481,41
378,3820613.411,067-161-003,067161003,AG,0,87.709198,482,482,41
379,68099.61752,067-161-005,067161005,AG,0,1.563349962,483,483,100
380,1351320.186,067-161-010,067161010,AG,0,31.02199936,484,484,0
381,793252.3408,067-161-011,067161011,AG,0,18.2105999,485,485,100
382,2142059.116,067-161-014,067161014,AG,0,49.17490005,486,486,86
383,137815.9168,067-161-015,067161015,AG,0,3.163820028,487,487,100
384,37590.46805,067-161-016,067161016,AG,0,0.862958014,488,488,100
385,124736.5089,067-161-017,067161017,AG,0,2.863559961,489,489,90
386,4346067.934,067-161-019,067161019,RL,0,99.77200317,490,490,0
387,1984.337692,067-181-010,067181010,AG,0,0.045554101,491,491,100
388,2390432.757,067-181-016,067181016,AG,0,54.87680054,492,492,0
389,1919976.82,068-411-007,068411007,City,0,44.07659912,494,494,0
390,1504068.344,070-031-017,070031017,AG,0,34.52870178,499,499,0
391,2002986.769,070-051-002,070051002,AG,0,45.9822998,500,500,0
392,779799.5771,070-051-017,070051017,AG,0,17.90169907,507,507,0
393,369309.1808,070-051-018,070051018,AG,0,8.478170395,508,508,0
394,7159.663236,070-051-019,070051019,AG,0,0.164362997,509,509,0
395,1744457.935,070-051-020,070051020,AG,0,40.04719925,510,510,0
396,59361.56457,070-051-021,070051021,AG,0,1.362750053,511,511,0
397,2503495.319,070-051-022,070051022,AG,0,57.47230148,512,512,0
398,1536.108597,070-051-023,070051023,AG,0,0.035264201,513,513,0
399,1604767,070-051-024,070051024,PF,0,36.8404007,514,514,0
400,26777.83039,073-041-014,073041014,AG,0,0.614733994,517,517,55
401,95428.89881,073-041-024,073041024,AG,0,2.190749884,518,518,100
402,149418.8297,073-041-025,073041025,AG,0,3.430180073,519,519,100
403,588942.4185,073-041-026,073041026,AG,0,13.52029991,520,520,0
404,3385005.032,073-041-028,073041028,AG,0,77.70899963,521,521,0
405,1584289.606,073-041-029,073041029,AG,0,36.37030029,522,522,5
406,3531249.597,073-041-030,073041030,AG,0,81.06629944,523,523,0
407,5064532.675,073-121-009,073121009,AG,0,116.2659988,524,524,0
408,2046049.973,073-121-010,073121010,AG,0,46.97079849,525,525,0
409,568693.5944,073-121-014,073121014,AG,0,13.05539989,526,526,80
410,235088.408,073-121-015,073121015,AG,0,5.396890163,527,527,100
411,229087.2553,073-131-006,073131006,AG,0,5.259119987,529,529,0
412,5570.581796,073-131-009,073131009,AG,0,0.127883002,530,530,0
413,138019.982,073-131-010,073131010,AG,0,3.168499947,531,531,0
414,14945.61767,073-131-011,073131011,AG,0,0.343104005,532,532,90
415,36712.14896,073-131-016,073131016,AG,0,0.842795014,533,533,16
416,3478.732838,073-131-017,073131017,AG,0,0.079860702,534,534,100
417,79609.97923,073-131-021,073131021,AG,0,1.827589989,535,535,18
418,76888.05098,073-131-022,073131022,AG,0,1.765110016,536,536,0
419,2805544.517,073-133-006,073133006,AG,0,64.40640259,537,537,0
420,112240.3996,073-133-007,073133007,AG,0,2.576679945,538,538,0
421,318901.9956,073-133-008,073133008,AG,0,7.320980072,539,539,0
422,4355.357579,073-133-010,073133010,AG,0,0.099985197,540,540,0
423,600191.2028,073-151-003,073151003,AG,0,13.7784996,541,541,0
424,150735.7034,073-151-004,073151004,AG,0,3.460419893,542,542,100
425,2000.882238,073-171-010,073171010,AG,0,0.045933899,543,543,100
426,281807.5553,073-171-014,073171014,AG,0,6.469409943,544,544,99
427,264805.4364,073-171-018,073171018,AG,0,6.079100132,545,545,0
428,204918.4434,073-171-019,073171019,AG,0,4.7042799,546,546,100
429,48475.23355,073-171-024,073171024,AG,0,1.112840056,547,547,100
430,346184.409,073-171-032,073171032,OS,0,7.947299957,549,549,100
431,242782.1278,073-181-001,073181001,AG,0,5.57351017,550,550,0
432,336026.1562,073-181-003,073181003,AG,0,7.714099884,551,551,0
433,31910.24736,073-181-008,073181008,AG,0,0.732558012,552,552,0
434,68067.71687,073-181-010,073181010,AG,0,1.562620044,553,553,0
435,514331.5192,073-181-012,073181012,AG,0,11.80739975,554,554,0
436,87654.60917,073-181-018,073181018,AG,0,2.012269974,555,555,0
437,107718.0585,073-181-019,073181019,AG,0,2.472870111,556,556,0
438,417158.2323,073-181-020,073181020,AG,0,9.576640129,557,557,0
439,135268.9474,073-181-022,073181022,AG,0,3.105350018,558,558,8
440,42612.0978,073-181-024,073181024,AG,0,0.978239,559,559,68
441,579925.7466,073-181-029,073181029,AG,0,13.31330013,560,560,0
442,25283.14887,073-181-037,073181037,AG,0,0.580420971,561,561,0
443,35492.79984,073-181-039,073181039,AG,0,0.814803004,562,562,0
444,17155.27577,073-181-040,073181040,AG,0,0.393831015,563,563,0
445,315983.9219,073-181-042,073181042,AG,0,7.253990173,564,564,0
446,44203.94819,073-181-043,073181043,AG,0,1.014780045,565,565,0
447,45296.13131,073-181-044,073181044,AG,0,1.03986001,566,566,0
448,61920.28592,073-181-045,073181045,AG,0,1.421489954,567,567,0
449,24388.30527,073-181-048,073181048,AG,0,0.559877992,568,568,0
450,41652.44657,073-181-049,073181049,AG,0,0.956209004,569,569,0
451,555798.3757,073-181-050,073181050,AG,0,12.75940037,570,570,0
452,30903.56388,073-182-005,073182005,AG,0,0.70944798,571,571,21
453,4683.001548,073-182-006,073182006,AG,0,0.107506998,572,572,100
454,20613.89086,073-182-007,073182007,AG,0,0.473230004,573,573,0
455,25043.79043,073-182-008,073182008,AG,0,0.574926019,574,574,70
456,23113.54499,073-182-009,073182009,AG,0,0.530614018,575,575,98
457,2149.458571,073-182-010,073182010,AG,0,0.0493448,576,576,100
458,10531.37719,073-182-011,073182011,AG,0,0.241767004,577,577,3
459,23412.50415,073-182-012,073182012,AG,0,0.537477016,578,578,0
460,17123.43151,073-182-013,073182013,AG,0,0.393099993,579,579,100
461,58081.95517,073-182-014,073182014,AG,0,1.333379984,580,580,67
462,587944.6286,073-191-003,073191003,AG,0,13.49740028,581,581,48
463,195414.5742,073-191-004,073191004,AG,0,4.486100197,582,582,100
464,281143.7655,073-191-011,073191011,AG,0,6.454170227,583,583,0
465,1646206.506,073-191-013,073191013,AG,0,37.79169846,584,584,0
466,1208665.179,073-191-014,073191014,AG,0,27.74710083,585,585,0
467,1115291.45,073-191-016,073191016,AG,0,25.60359955,586,586,0
468,124654.6153,073-191-021,073191021,AG,0,2.861680031,587,587,0
469,6577939.502,073-201-002,073201002,AG,0,151.0090027,588,588,0
470,37360.40461,073-201-003,073201003,AG,0,0.857676983,589,589,0
471,659392.5731,073-221-002,073221002,PF,0,15.13759995,600,600,0
472,2166662.874,073-221-012,073221012,PF,0,49.73970032,603,603,0
473,526750.9406,073-221-029,073221029,PF,0,12.09249973,608,608,0
474,36996.76668,073-251-004,073251004,PF,0,0.849328995,615,615,100
475,5691.035081,073-331-027,073331027,PF,0,0.130648002,620,620,0
476,79570.81703,073-331-028,073331028,AG,0,1.826689959,621,621,0
477,29086.55993,073-331-029,073331029,AG,0,0.667735994,622,622,0
478,442927.8533,074-021-036,074021036,RS,0,10.16819954,625,625,0
479,221373.427,074-022-014,074022014,RS,0,5.082029819,627,627,0
480,221616.926,074-022-015,074022015,RS,0,5.087619781,628,628,0
481,221616.926,074-022-016,074022016,RS,0,5.087619781,629,629,0
482,221951.2997,074-022-017,074022017,RS,0,5.095300198,630,630,0
483,580283.3664,074-022-033,074022033,RS,0,13.32149982,631,631,0
484,221909.2374,074-022-041,074022041,PF,0,5.094339848,633,633,0
485,221545.0513,074-022-042,074022042,RS,0,5.085969925,634,634,0
486,977990.2755,074-022-058,074022058,RS,0,22.45159912,636,636,0
487,92319.2437,074-023-009,074023009,AG,0,2.11935997,640,640,0
488,771675.4758,074-024-011,074024011,RS,0,17.71520042,641,641,0
489,144347.7351,074-024-019,074024019,RS,0,3.313770056,642,642,0
490,128655.4854,074-024-032,074024032,RS,0,2.95352006,643,643,0
491,147704.0967,074-024-033,074024033,RS,0,3.390820026,644,644,0
492,146362.727,074-024-034,074024034,RS,0,3.360029936,645,645,0
493,108720.6901,074-024-035,074024035,RS,0,2.495879889,646,646,0
494,106926.2598,074-024-036,074024036,RS,0,2.45468998,647,647,0
495,204673.1188,074-025-016,074025016,RSF,0,4.698649883,648,648,0
496,427309.1658,074-026-002,074026002,RSF,0,9.809670448,649,649,0
497,764079.9437,074-026-011,074026011,RMF,0,17.54089928,651,651,0
498,202876.5635,074-052-036,074052036,RSF,0,4.657400131,652,652,0
499,211285.9097,074-121-005,074121005,RSF,0,4.850460052,654,654,0
500,633459.6338,074-222-013,074222013,RS,0,14.54220009,655,655,100
501,369051.0643,074-225-008,074225008,AG,0,8.472249985,657,657,0
502,704953.3746,074-225-009,074225009,AG,0,16.18350029,658,658,76
503,16116.85196,074-225-010,074225010,AG,0,0.369991988,659,659,100
504,471365.592,074-225-039,074225039,AG,0,10.82110023,660,660,0
505,383183.7173,074-229-004,074229004,RMF,0,8.796689987,661,661,0
506,2295019.757,074-229-024,074229024,CR,0,52.68640137,663,663,0
507,217982.3781,074-325-059,074325059,RS,0,5.004189968,664,664,0
508,278270.6994,074-325-060,074325060,AG,0,6.388219833,665,665,0
509,167293.5821,074-326-009,074326009,AG,0,3.840529919,666,666,0
510,108690.5303,074-326-011,074326011,AG,0,2.495189905,667,667,0
511,337612.3995,074-431-001,074431001,RSF,0,7.750510216,668,668,0
512,56175.15644,076-041-003,076041003,AG,0,1.289600015,669,669,100
513,1492838.159,076-041-004,076041004,AG,0,34.27080154,670,670,0
